Timestamp,District,Energy_Usage_kWh,Traffic_Density,Air_Quality_Index,Temperature_C,Active_Sensors,Incident_Reports
2023-11-01 08:00,Residential,185.5,30,20,21,200,2
2023-11-01 09:00,Residential,199.7,23,16,22,200,1
2023-11-01 10:00,Residential,149.9,26,11,15,200,3
2023-11-01 11:00,Residential,155.6,27,20,22,200,2
2023-11-01 12:00,Industrial,1162.4,69,89,30,85,2
2023-11-01 13:00,Industrial,1306.7,51,85,22,85,0
2023-11-01 14:00,Industrial,1328.6,69,98,21,85,2
2023-11-01 15:00,Residential,153.1,28,14,17,200,1
2023-11-01 16:00,Residential,152.7,26,16,22,200,1
2023-11-01 17:00,Residential,143.4,18,20,16,200,0
2023-11-01 18:00,Residential,193.4,29,20,21,200,1
2023-11-01 19:00,Residential,154.8,25,16,21,200,2
2023-11-01 20:00,Industrial,1263.8,69,88,22,85,0
2023-11-01 21:00,Industrial,1211.1,67,98,27,85,2
2023-11-01 22:00,Downtown,472.3,73,55,21,120,1
2023-11-01 23:00,Downtown,518.4,82,50,22,120,3
2023-11-02 00:00,Downtown,400.1,80,42,17,120,1
2023-11-02 01:00,Residential,175.7,16,18,22,200,0
2023-11-02 02:00,Industrial,1221.4,56,83,24,85,3
2023-11-02 03:00,Residential,169.5,12,17,19,200,2
2023-11-02 04:00,Industrial,1320.0,78,86,20,85,3
2023-11-02 05:00,Residential,189.3,26,12,22,200,1
2023-11-02 06:00,Downtown,516.2,96,41,15,120,2
2023-11-02 07:00,Downtown,474.1,81,60,23,120,1
2023-11-02 08:00,Downtown,412.3,97,46,15,120,2
2023-11-02 09:00,Industrial,1114.1,57,92,27,85,1
2023-11-02 10:00,Industrial,1361.6,76,100,24,85,2
2023-11-02 11:00,Residential,149.7,26,18,22,200,1
2023-11-02 12:00,Downtown,503.9,74,56,18,120,0
2023-11-02 13:00,Downtown,576.2,88,59,18,120,2
2023-11-02 14:00,Residential,151.4,14,11,18,200,0
2023-11-02 15:00,Downtown,431.3,86,43,25,120,2
2023-11-02 16:00,Industrial,1194.7,68,96,20,85,2
2023-11-02 17:00,Industrial,1393.8,71,100,23,85,0
2023-11-02 18:00,Downtown,443.8,72,47,16,120,2
2023-11-02 19:00,Industrial,1358.1,72,100,29,85,3
2023-11-02 20:00,Industrial,1166.4,73,87,22,85,1
2023-11-02 21:00,Industrial,1275.5,79,97,29,85,0
2023-11-02 22:00,Industrial,1198.9,52,87,21,85,0
2023-11-02 23:00,Residential,181.5,27,18,17,200,2
2023-11-03 00:00,Industrial,1344.6,66,84,30,85,0
2023-11-03 01:00,Downtown,532.8,82,56,24,120,2
2023-11-03 02:00,Residential,197.1,12,18,16,200,3
2023-11-03 03:00,Industrial,1226.7,69,97,29,85,3
2023-11-03 04:00,Downtown,445.8,94,55,22,120,0
2023-11-03 05:00,Residential,133.0,21,15,16,200,2
2023-11-03 06:00,Industrial,1192.2,72,93,26,85,1
2023-11-03 07:00,Downtown,415.3,76,59,20,120,1
2023-11-03 08:00,Industrial,1249.9,79,90,20,85,2
2023-11-03 09:00,Residential,138.6,12,16,22,200,2
2023-11-03 10:00,Industrial,1184.1,80,87,30,85,3
2023-11-03 11:00,Downtown,578.1,81,48,16,120,3
2023-11-03 12:00,Industrial,1198.6,63,98,26,85,0
2023-11-03 13:00,Downtown,524.7,80,54,20,120,1
2023-11-03 14:00,Downtown,562.8,85,54,17,120,2
2023-11-03 15:00,Residential,168.8,20,13,20,200,2
2023-11-03 16:00,Downtown,416.0,94,50,15,120,3
2023-11-03 17:00,Residential,136.7,30,13,19,200,1
2023-11-03 18:00,Downtown,505.7,74,52,25,120,1
2023-11-03 19:00,Downtown,556.6,70,48,21,120,3
2023-11-03 20:00,Industrial,1265.0,79,97,25,85,0
2023-11-03 21:00,Downtown,539.0,75,40,22,120,0
2023-11-03 22:00,Industrial,1305.8,60,82,28,85,3
2023-11-03 23:00,Industrial,1364.5,58,88,30,85,2
2023-11-04 00:00,Industrial,1371.4,71,82,25,85,0
2023-11-04 01:00,Industrial,1164.8,71,96,30,85,1
2023-11-04 02:00,Residential,172.9,27,11,15,200,2
2023-11-04 03:00,Industrial,1151.8,73,84,27,85,1
2023-11-04 04:00,Downtown,494.6,93,55,23,120,3
2023-11-04 05:00,Industrial,1331.4,75,88,25,85,2
2023-11-04 06:00,Downtown,475.3,93,50,23,120,0
2023-11-04 07:00,Residential,190.1,25,19,15,200,1
2023-11-04 08:00,Downtown,427.4,83,40,21,120,1
2023-11-04 09:00,Downtown,586.5,91,52,21,120,3
2023-11-04 10:00,Residential,166.3,26,20,17,200,1
2023-11-04 11:00,Residential,156.8,24,10,21,200,1
2023-11-04 12:00,Residential,161.2,28,19,16,200,3
2023-11-04 13:00,Residential,147.0,18,17,20,200,2
2023-11-04 14:00,Industrial,1294.4,50,92,26,85,1
2023-11-04 15:00,Industrial,1293.0,73,88,21,85,3
2023-11-04 16:00,Industrial,1331.4,79,89,30,85,1
2023-11-04 17:00,Industrial,1349.2,79,94,22,85,1
2023-11-04 18:00,Residential,130.4,15,20,18,200,3
2023-11-04 19:00,Downtown,424.2,87,59,15,120,0
2023-11-04 20:00,Residential,190.2,30,10,15,200,1
2023-11-04 21:00,Industrial,1115.6,77,99,29,85,3
2023-11-04 22:00,Residential,144.0,26,17,17,200,2
2023-11-04 23:00,Downtown,487.6,79,48,18,120,2
2023-11-05 00:00,Residential,156.7,29,15,16,200,1
2023-11-05 01:00,Residential,156.3,15,15,17,200,3
2023-11-05 02:00,Downtown,482.5,72,59,21,120,0
2023-11-05 03:00,Downtown,456.3,79,58,24,120,0
2023-11-05 04:00,Industrial,1223.1,57,91,25,85,1
2023-11-05 05:00,Industrial,1242.4,54,100,28,85,0
2023-11-05 06:00,Downtown,565.0,74,60,15,120,0
2023-11-05 07:00,Residential,158.3,14,12,18,200,3
2023-11-05 08:00,Downtown,587.6,99,58,16,120,3
2023-11-05 09:00,Industrial,1272.1,67,82,28,85,0
2023-11-05 10:00,Industrial,1284.3,57,90,26,85,2
2023-11-05 11:00,Downtown,469.8,93,55,15,120,2
2023-11-05 12:00,Downtown,489.6,90,53,19,120,3
2023-11-05 13:00,Residential,142.2,29,17,16,200,1
2023-11-05 14:00,Downtown,543.2,71,46,23,120,2
2023-11-05 15:00,Residential,188.0,28,10,21,200,3
2023-11-05 16:00,Industrial,1158.2,74,85,20,85,1
2023-11-05 17:00,Downtown,406.3,85,44,19,120,0
2023-11-05 18:00,Downtown,533.0,85,59,18,120,2
2023-11-05 19:00,Downtown,470.5,86,45,15,120,1
2023-11-05 20:00,Downtown,500.7,82,50,15,120,3
2023-11-05 21:00,Residential,145.8,11,16,17,200,0
2023-11-05 22:00,Industrial,1143.3,61,85,20,85,3
2023-11-05 23:00,Residential,150.6,10,13,17,200,0
2023-11-06 00:00,Downtown,576.5,70,60,21,120,2
2023-11-06 01:00,Industrial,1348.6,57,96,26,85,2
2023-11-06 02:00,Industrial,1148.3,63,85,25,85,1
2023-11-06 03:00,Downtown,435.6,92,51,19,120,3
2023-11-06 04:00,Downtown,507.5,70,45,25,120,3
2023-11-06 05:00,Residential,140.1,24,18,16,200,2
2023-11-06 06:00,Industrial,1166.9,56,91,21,85,2
2023-11-06 07:00,Residential,194.9,16,13,15,200,1
2023-11-06 08:00,Residential,135.3,11,14,17,200,2
2023-11-06 09:00,Downtown,526.3,91,57,16,120,2
2023-11-06 10:00,Downtown,463.8,76,57,17,120,3
2023-11-06 11:00,Industrial,1207.9,74,81,21,85,2
2023-11-06 12:00,Industrial,1238.1,58,97,27,85,0
2023-11-06 13:00,Downtown,530.1,71,52,18,120,1
2023-11-06 14:00,Industrial,1103.1,78,87,23,85,2
2023-11-06 15:00,Residential,166.6,25,18,22,200,3
2023-11-06 16:00,Industrial,1294.6,77,90,27,85,0
2023-11-06 17:00,Residential,185.5,29,19,17,200,3
2023-11-06 18:00,Downtown,406.3,87,50,16,120,0
2023-11-06 19:00,Residential,182.6,23,10,22,200,3
2023-11-06 20:00,Residential,159.3,23,17,21,200,2
2023-11-06 21:00,Residential,177.1,24,17,16,200,0
2023-11-06 22:00,Residential,148.4,20,15,22,200,2
2023-11-06 23:00,Residential,190.9,19,11,22,200,1
2023-11-07 00:00,Industrial,1105.2,60,83,20,85,2
2023-11-07 01:00,Residential,197.5,10,14,19,200,3
2023-11-07 02:00,Industrial,1385.9,62,88,24,85,1
2023-11-07 03:00,Industrial,1144.2,80,92,26,85,0
2023-11-07 04:00,Residential,181.3,30,17,19,200,0
2023-11-07 05:00,Downtown,470.0,88,53,19,120,1
2023-11-07 06:00,Industrial,1323.6,78,97,23,85,0
2023-11-07 07:00,Industrial,1195.8,66,91,20,85,3
2023-11-07 08:00,Downtown,580.8,82,54,16,120,3
2023-11-07 09:00,Industrial,1191.6,57,97,21,85,1
2023-11-07 10:00,Residential,136.8,23,14,17,200,0
2023-11-07 11:00,Industrial,1202.0,54,84,30,85,2
2023-11-07 12:00,Residential,138.4,20,18,21,200,0
2023-11-07 13:00,Industrial,1268.5,55,87,27,85,1
2023-11-07 14:00,Industrial,1347.1,79,97,22,85,0
2023-11-07 15:00,Residential,131.0,28,11,15,200,3
2023-11-07 16:00,Industrial,1397.1,64,93,29,85,1
2023-11-07 17:00,Residential,151.4,10,10,15,200,2
2023-11-07 18:00,Industrial,1183.4,54,95,27,85,2
2023-11-07 19:00,Downtown,458.7,98,45,24,120,2
2023-11-07 20:00,Downtown,401.0,89,51,22,120,1
2023-11-07 21:00,Residential,196.9,21,12,20,200,0
2023-11-07 22:00,Residential,138.2,13,13,17,200,1
2023-11-07 23:00,Residential,136.3,30,19,22,200,3
2023-11-08 00:00,Industrial,1376.3,62,82,25,85,2
2023-11-08 01:00,Downtown,540.0,91,46,23,120,0
2023-11-08 02:00,Downtown,581.2,79,43,15,120,2
2023-11-08 03:00,Industrial,1125.0,51,82,28,85,2
2023-11-08 04:00,Downtown,481.3,90,53,24,120,2
2023-11-08 05:00,Industrial,1198.8,59,81,25,85,1
2023-11-08 06:00,Industrial,1287.4,69,80,23,85,1
2023-11-08 07:00,Downtown,498.8,85,57,22,120,2
2023-11-08 08:00,Industrial,1385.2,59,81,27,85,2
2023-11-08 09:00,Residential,153.5,19,13,16,200,0
2023-11-08 10:00,Downtown,427.0,92,44,25,120,0
2023-11-08 11:00,Industrial,1309.1,75,84,27,85,3
2023-11-08 12:00,Downtown,473.9,85,41,18,120,1
2023-11-08 13:00,Downtown,490.7,77,45,21,120,2
2023-11-08 14:00,Residential,138.4,13,14,20,200,3
2023-11-08 15:00,Residential,138.8,22,17,20,200,1
2023-11-08 16:00,Residential,189.0,10,11,15,200,1
2023-11-08 17:00,Residential,199.0,20,18,20,200,0
2023-11-08 18:00,Downtown,587.9,91,53,25,120,3
2023-11-08 19:00,Industrial,1181.5,69,92,27,85,2
2023-11-08 20:00,Residential,166.9,18,13,20,200,2
2023-11-08 21:00,Residential,180.4,22,12,16,200,3
2023-11-08 22:00,Downtown,496.9,92,55,25,120,3
2023-11-08 23:00,Industrial,1367.1,68,87,21,85,2
2023-11-09 00:00,Residential,158.0,23,12,20,200,2
2023-11-09 01:00,Residential,157.7,14,14,21,200,0
2023-11-09 02:00,Downtown,411.9,96,55,22,120,3
2023-11-09 03:00,Residential,191.3,12,16,16,200,3
2023-11-09 04:00,Downtown,562.9,78,47,23,120,3
2023-11-09 05:00,Industrial,1115.6,66,84,30,85,0
2023-11-09 06:00,Residential,146.4,16,13,22,200,3
2023-11-09 07:00,Downtown,420.3,97,50,20,120,0
2023-11-09 08:00,Residential,169.7,22,20,21,200,2
2023-11-09 09:00,Downtown,595.8,100,57,16,120,1
2023-11-09 10:00,Industrial,1116.7,52,99,27,85,0
2023-11-09 11:00,Residential,190.3,27,16,17,200,1
2023-11-09 12:00,Industrial,1168.4,61,93,25,85,2
2023-11-09 13:00,Residential,192.2,29,11,16,200,3
2023-11-09 14:00,Industrial,1278.3,63,96,27,85,0
2023-11-09 15:00,Downtown,425.2,74,57,21,120,0
2023-11-09 16:00,Industrial,1311.0,57,95,20,85,0
2023-11-09 17:00,Downtown,472.4,91,41,25,120,3
2023-11-09 18:00,Downtown,459.6,82,41,25,120,2
2023-11-09 19:00,Downtown,560.6,84,40,21,120,1
2023-11-09 20:00,Residential,184.8,12,13,20,200,3
2023-11-09 21:00,Industrial,1206.4,55,96,20,85,2
2023-11-09 22:00,Residential,148.0,22,17,22,200,3
2023-11-09 23:00,Downtown,561.8,80,46,18,120,0
2023-11-10 00:00,Downtown,451.7,93,49,18,120,0
2023-11-10 01:00,Residential,136.6,22,11,21,200,3
2023-11-10 02:00,Industrial,1322.8,61,95,23,85,3
2023-11-10 03:00,Residential,193.1,16,15,15,200,3
2023-11-10 04:00,Industrial,1214.7,72,100,30,85,1
2023-11-10 05:00,Residential,151.2,19,14,20,200,2
2023-11-10 06:00,Industrial,1266.7,66,80,22,85,3
2023-11-10 07:00,Industrial,1207.9,63,82,20,85,2
2023-11-10 08:00,Residential,138.3,21,14,18,200,3
2023-11-10 09:00,Industrial,1370.0,76,81,24,85,2
2023-11-10 10:00,Downtown,547.6,89,49,15,120,1
2023-11-10 11:00,Residential,145.8,20,17,20,200,3
2023-11-10 12:00,Residential,149.3,20,14,22,200,1
2023-11-10 13:00,Residential,160.7,30,17,18,200,2
2023-11-10 14:00,Residential,148.4,23,16,21,200,1
2023-11-10 15:00,Residential,190.2,11,18,18,200,3
2023-11-10 16:00,Residential,187.7,29,10,17,200,2
2023-11-10 17:00,Downtown,420.0,92,41,21,120,2
2023-11-10 18:00,Residential,192.2,30,11,15,200,3
2023-11-10 19:00,Industrial,1274.1,76,91,30,85,1
2023-11-10 20:00,Industrial,1218.9,72,89,24,85,3
2023-11-10 21:00,Downtown,438.3,87,41,24,120,3
2023-11-10 22:00,Downtown,409.2,71,56,15,120,0
2023-11-10 23:00,Residential,146.3,28,10,16,200,2
2023-11-11 00:00,Industrial,1268.9,64,94,24,85,1
2023-11-11 01:00,Downtown,412.8,75,41,21,120,0
2023-11-11 02:00,Downtown,557.6,83,42,15,120,1
2023-11-11 03:00,Residential,152.1,16,16,19,200,0
2023-11-11 04:00,Industrial,1384.2,55,92,23,85,3
2023-11-11 05:00,Industrial,1350.7,58,91,20,85,1
2023-11-11 06:00,Downtown,489.6,100,48,15,120,0
2023-11-11 07:00,Downtown,516.8,76,48,16,120,0
2023-11-11 08:00,Residential,157.4,18,13,17,200,0
2023-11-11 09:00,Residential,192.9,30,18,20,200,0
2023-11-11 10:00,Residential,171.2,18,20,20,200,3
2023-11-11 11:00,Industrial,1331.1,55,94,20,85,1
2023-11-11 12:00,Downtown,467.3,92,50,17,120,2
2023-11-11 13:00,Downtown,513.7,84,60,21,120,2
2023-11-11 14:00,Residential,188.8,10,17,22,200,2
2023-11-11 15:00,Industrial,1171.0,54,91,20,85,0
2023-11-11 16:00,Industrial,1193.9,51,94,25,85,2
2023-11-11 17:00,Residential,172.8,18,12,18,200,1
2023-11-11 18:00,Downtown,471.5,72,55,18,120,1
2023-11-11 19:00,Downtown,519.0,88,53,24,120,2
2023-11-11 20:00,Downtown,465.4,73,55,19,120,3
2023-11-11 21:00,Residential,139.7,26,15,15,200,0
2023-11-11 22:00,Downtown,582.6,91,59,23,120,1
2023-11-11 23:00,Residential,175.5,21,11,19,200,2
2023-11-12 00:00,Downtown,491.2,93,59,16,120,0
2023-11-12 01:00,Industrial,1226.9,75,92,22,85,2
2023-11-12 02:00,Downtown,459.0,78,59,22,120,3
2023-11-12 03:00,Residential,160.4,22,18,21,200,2
2023-11-12 04:00,Downtown,572.8,73,50,19,120,2
2023-11-12 05:00,Industrial,1124.6,74,82,22,85,3
2023-11-12 06:00,Residential,158.8,14,18,19,200,2
2023-11-12 07:00,Downtown,461.9,84,49,17,120,1
2023-11-12 08:00,Industrial,1142.3,74,82,29,85,2
2023-11-12 09:00,Residential,159.2,27,14,22,200,0
2023-11-12 10:00,Residential,149.6,28,16,17,200,2
2023-11-12 11:00,Industrial,1353.5,76,87,28,85,3
2023-11-12 12:00,Industrial,1226.9,54,83,22,85,1
2023-11-12 13:00,Residential,173.8,10,14,15,200,0
2023-11-12 14:00,Residential,177.9,30,17,17,200,1
2023-11-12 15:00,Residential,171.2,25,18,16,200,0
2023-11-12 16:00,Residential,156.6,21,11,15,200,2
2023-11-12 17:00,Residential,199.2,30,15,16,200,1
2023-11-12 18:00,Industrial,1100.9,71,84,23,85,2
2023-11-12 19:00,Downtown,591.6,78,49,21,120,2
2023-11-12 20:00,Residential,147.7,15,19,19,200,3
2023-11-12 21:00,Residential,144.1,27,15,15,200,3
2023-11-12 22:00,Industrial,1345.7,55,85,23,85,3
2023-11-12 23:00,Residential,167.0,16,14,20,200,0
2023-11-13 00:00,Residential,170.8,11,14,16,200,3
2023-11-13 01:00,Residential,137.1,26,14,18,200,3
2023-11-13 02:00,Downtown,422.8,75,54,20,120,2
2023-11-13 03:00,Downtown,531.8,72,58,23,120,3
2023-11-13 04:00,Residential,163.5,13,15,21,200,3
2023-11-13 05:00,Downtown,525.1,76,41,16,120,1
2023-11-13 06:00,Downtown,521.8,86,53,23,120,0
2023-11-13 07:00,Residential,173.1,27,13,19,200,2
2023-11-13 08:00,Industrial,1276.5,70,82,25,85,0
2023-11-13 09:00,Residential,138.7,26,18,19,200,0
2023-11-13 10:00,Downtown,575.9,74,40,21,120,1
2023-11-13 11:00,Residential,188.4,12,13,15,200,0
2023-11-13 12:00,Downtown,572.5,70,56,23,120,3
2023-11-13 13:00,Industrial,1151.1,77,80,23,85,2
2023-11-13 14:00,Downtown,427.9,80,50,24,120,1
2023-11-13 15:00,Residential,132.7,17,11,22,200,0
2023-11-13 16:00,Downtown,522.2,74,54,17,120,1
2023-11-13 17:00,Residential,177.0,19,11,22,200,1
2023-11-13 18:00,Downtown,471.5,84,49,25,120,0
2023-11-13 19:00,Downtown,426.6,86,52,21,120,1
2023-11-13 20:00,Industrial,1367.2,75,84,27,85,3
2023-11-13 21:00,Industrial,1152.8,69,96,23,85,1
2023-11-13 22:00,Residential,158.1,16,17,16,200,0
2023-11-13 23:00,Residential,168.5,15,11,17,200,0
2023-11-14 00:00,Residential,166.1,17,12,21,200,0
2023-11-14 01:00,Industrial,1399.4,54,92,27,85,1
2023-11-14 02:00,Downtown,428.0,88,48,20,120,1
2023-11-14 03:00,Downtown,581.8,88,52,15,120,0
2023-11-14 04:00,Residential,156.6,18,17,19,200,1
2023-11-14 05:00,Downtown,574.5,77,56,18,120,1
2023-11-14 06:00,Residential,187.2,20,19,19,200,2
2023-11-14 07:00,Residential,178.5,28,19,16,200,2
2023-11-14 08:00,Residential,139.9,12,14,21,200,0
2023-11-14 09:00,Industrial,1155.1,55,95,25,85,0
2023-11-14 10:00,Residential,160.4,27,12,16,200,2
2023-11-14 11:00,Downtown,504.9,99,42,22,120,2
2023-11-14 12:00,Industrial,1363.2,67,84,24,85,3
2023-11-14 13:00,Downtown,495.2,73,57,23,120,1
2023-11-14 14:00,Downtown,408.6,78,44,16,120,1
2023-11-14 15:00,Residential,196.6,29,14,21,200,3
2023-11-14 16:00,Residential,184.8,19,11,15,200,1
2023-11-14 17:00,Industrial,1381.6,62,93,24,85,0
2023-11-14 18:00,Downtown,509.3,96,58,25,120,1
2023-11-14 19:00,Residential,155.3,11,11,18,200,1
2023-11-14 20:00,Downtown,531.5,82,53,19,120,1
2023-11-14 21:00,Downtown,475.7,88,58,18,120,2
2023-11-14 22:00,Downtown,495.8,88,52,22,120,1
2023-11-14 23:00,Industrial,1211.0,78,82,21,85,3
2023-11-15 00:00,Downtown,536.7,90,40,15,120,2
2023-11-15 01:00,Industrial,1253.7,63,88,29,85,1
2023-11-15 02:00,Downtown,522.5,93,47,23,120,3
2023-11-15 03:00,Industrial,1220.2,70,94,23,85,1
2023-11-15 04:00,Residential,174.2,13,13,20,200,0
2023-11-15 05:00,Downtown,441.2,96,43,23,120,2
2023-11-15 06:00,Downtown,447.2,97,44,25,120,1
2023-11-15 07:00,Industrial,1351.1,74,80,25,85,0
2023-11-15 08:00,Industrial,1277.4,73,89,24,85,0
2023-11-15 09:00,Residential,161.2,13,11,16,200,3
2023-11-15 10:00,Industrial,1334.8,75,87,26,85,3
2023-11-15 11:00,Industrial,1223.4,71,97,25,85,2
2023-11-15 12:00,Residential,153.8,28,13,22,200,3
2023-11-15 13:00,Industrial,1298.4,78,88,28,85,2
2023-11-15 14:00,Residential,188.1,17,19,18,200,1
2023-11-15 15:00,Downtown,474.1,94,49,19,120,0
2023-11-15 16:00,Industrial,1224.3,58,86,28,85,3
2023-11-15 17:00,Residential,169.0,28,13,20,200,0
2023-11-15 18:00,Residential,196.5,14,11,17,200,3
2023-11-15 19:00,Residential,144.5,18,11,21,200,3
2023-11-15 20:00,Downtown,426.0,80,50,15,120,1
2023-11-15 21:00,Industrial,1264.7,78,91,29,85,2
2023-11-15 22:00,Residential,199.6,14,10,21,200,2
2023-11-15 23:00,Industrial,1125.0,79,85,26,85,2
2023-11-16 00:00,Industrial,1343.4,65,92,23,85,3
2023-11-16 01:00,Downtown,471.1,73,59,15,120,3
2023-11-16 02:00,Downtown,410.8,78,55,18,120,0
2023-11-16 03:00,Residential,154.1,12,10,18,200,3
2023-11-16 04:00,Industrial,1183.2,57,90,22,85,1
2023-11-16 05:00,Residential,190.2,21,10,21,200,1
2023-11-16 06:00,Industrial,1277.7,53,100,23,85,2
2023-11-16 07:00,Residential,194.3,15,18,17,200,3
2023-11-16 08:00,Industrial,1322.9,77,100,28,85,1
2023-11-16 09:00,Downtown,580.4,76,42,20,120,0
2023-11-16 10:00,Downtown,477.3,100,56,19,120,1
2023-11-16 11:00,Residential,177.4,20,18,17,200,1
2023-11-16 12:00,Residential,178.7,10,15,20,200,0
2023-11-16 13:00,Industrial,1289.1,74,88,26,85,0
2023-11-16 14:00,Industrial,1177.1,62,100,23,85,0
2023-11-16 15:00,Downtown,574.0,81,60,16,120,3
2023-11-16 16:00,Residential,163.4,16,18,20,200,3
2023-11-16 17:00,Industrial,1396.9,79,81,20,85,3
2023-11-16 18:00,Residential,161.5,11,11,18,200,0
2023-11-16 19:00,Downtown,537.3,84,51,25,120,3
2023-11-16 20:00,Residential,169.9,17,12,16,200,1
2023-11-16 21:00,Residential,149.1,28,14,18,200,1
2023-11-16 22:00,Industrial,1350.0,55,85,30,85,0
2023-11-16 23:00,Industrial,1233.6,59,96,30,85,0
2023-11-17 00:00,Industrial,1253.1,75,92,27,85,1
2023-11-17 01:00,Downtown,452.4,95,40,17,120,1
2023-11-17 02:00,Downtown,565.1,84,48,19,120,1
2023-11-17 03:00,Industrial,1375.7,59,91,23,85,0
2023-11-17 04:00,Downtown,521.0,87,42,18,120,3
2023-11-17 05:00,Residential,163.9,20,19,16,200,0
2023-11-17 06:00,Industrial,1183.0,71,86,25,85,3
2023-11-17 07:00,Residential,134.8,10,12,20,200,1
2023-11-17 08:00,Downtown,595.2,96,47,24,120,0
2023-11-17 09:00,Residential,144.8,15,16,18,200,0
2023-11-17 10:00,Residential,172.9,23,16,15,200,2
2023-11-17 11:00,Residential,166.1,21,18,16,200,0
2023-11-17 12:00,Residential,146.0,15,19,15,200,1
2023-11-17 13:00,Downtown,507.3,83,47,23,120,0
2023-11-17 14:00,Residential,167.7,12,11,20,200,2
2023-11-17 15:00,Industrial,1233.0,59,99,28,85,2
2023-11-17 16:00,Residential,165.6,28,15,16,200,2
2023-11-17 17:00,Industrial,1280.0,58,97,20,85,2
2023-11-17 18:00,Residential,179.3,12,18,20,200,2
2023-11-17 19:00,Downtown,540.5,97,50,19,120,0
2023-11-17 20:00,Residential,179.7,10,12,21,200,2
2023-11-17 21:00,Residential,140.8,10,17,15,200,1
2023-11-17 22:00,Residential,182.9,29,13,17,200,0
2023-11-17 23:00,Industrial,1358.4,55,100,21,85,3
2023-11-18 00:00,Industrial,1279.8,74,92,24,85,3
2023-11-18 01:00,Industrial,1276.1,67,88,25,85,1
2023-11-18 02:00,Residential,174.2,19,11,15,200,2
2023-11-18 03:00,Industrial,1361.8,63,87,20,85,1
2023-11-18 04:00,Industrial,1294.5,74,82,30,85,2
2023-11-18 05:00,Industrial,1171.2,62,96,20,85,0
2023-11-18 06:00,Residential,185.0,19,11,20,200,1
2023-11-18 07:00,Industrial,1219.6,76,93,22,85,0
2023-11-18 08:00,Downtown,481.9,77,45,15,120,2
2023-11-18 09:00,Downtown,432.1,83,59,21,120,2
2023-11-18 10:00,Residential,162.7,11,10,21,200,2
2023-11-18 11:00,Residential,152.5,21,18,16,200,1
2023-11-18 12:00,Downtown,491.1,71,43,20,120,2
2023-11-18 13:00,Downtown,569.9,86,45,19,120,3
2023-11-18 14:00,Industrial,1173.5,57,98,25,85,3
2023-11-18 15:00,Residential,191.8,18,17,17,200,3
2023-11-18 16:00,Residential,173.7,19,19,18,200,1
2023-11-18 17:00,Residential,144.8,19,14,17,200,3
2023-11-18 18:00,Residential,148.1,19,10,22,200,3
2023-11-18 19:00,Downtown,496.7,80,42,21,120,3
2023-11-18 20:00,Residential,175.3,17,15,15,200,2
2023-11-18 21:00,Residential,184.4,24,13,22,200,0
2023-11-18 22:00,Downtown,475.5,84,41,17,120,3
2023-11-18 23:00,Residential,131.0,24,16,22,200,0
2023-11-19 00:00,Residential,162.1,23,19,20,200,1
2023-11-19 01:00,Downtown,557.1,91,45,21,120,0
2023-11-19 02:00,Industrial,1129.8,67,96,28,85,3
2023-11-19 03:00,Residential,143.4,21,12,17,200,2
2023-11-19 04:00,Residential,171.1,27,19,21,200,2
2023-11-19 05:00,Industrial,1315.8,68,82,24,85,1
2023-11-19 06:00,Residential,192.1,23,11,19,200,1
2023-11-19 07:00,Residential,196.6,20,18,20,200,3
2023-11-19 08:00,Residential,180.7,10,14,20,200,2
2023-11-19 09:00,Industrial,1243.2,65,98,29,85,1
2023-11-19 10:00,Industrial,1221.8,80,100,24,85,2
2023-11-19 11:00,Downtown,547.9,93,57,20,120,0
2023-11-19 12:00,Residential,135.9,24,14,17,200,0
2023-11-19 13:00,Residential,165.5,15,12,20,200,1
2023-11-19 14:00,Downtown,465.5,99,55,18,120,1
2023-11-19 15:00,Residential,177.9,15,14,18,200,3
2023-11-19 16:00,Residential,172.2,26,20,19,200,2
2023-11-19 17:00,Residential,190.8,14,15,17,200,1
2023-11-19 18:00,Downtown,474.1,77,48,23,120,0
2023-11-19 19:00,Industrial,1176.7,50,84,26,85,0
2023-11-19 20:00,Downtown,558.5,72,50,24,120,1
2023-11-19 21:00,Industrial,1186.9,67,87,23,85,0
2023-11-19 22:00,Industrial,1276.0,74,95,27,85,0
2023-11-19 23:00,Residential,143.7,17,17,16,200,2
2023-11-20 00:00,Residential,136.3,23,20,19,200,3
2023-11-20 01:00,Downtown,583.7,93,47,15,120,3
2023-11-20 02:00,Downtown,536.7,97,56,17,120,0
2023-11-20 03:00,Residential,190.0,18,13,22,200,1
2023-11-20 04:00,Downtown,436.9,70,53,15,120,3
2023-11-20 05:00,Residential,147.9,25,10,19,200,2
2023-11-20 06:00,Industrial,1266.1,52,96,27,85,0
2023-11-20 07:00,Residential,181.7,10,18,19,200,2
2023-11-20 08:00,Downtown,588.2,80,40,21,120,2
2023-11-20 09:00,Residential,147.9,30,17,21,200,0
2023-11-20 10:00,Downtown,586.0,87,54,22,120,1
2023-11-20 11:00,Industrial,1278.4,57,84,27,85,0
2023-11-20 12:00,Industrial,1351.0,79,81,24,85,2
2023-11-20 13:00,Downtown,473.0,72,46,21,120,0
2023-11-20 14:00,Downtown,401.0,79,41,18,120,3
2023-11-20 15:00,Downtown,487.1,94,55,19,120,3
2023-11-20 16:00,Residential,197.6,24,10,15,200,0
2023-11-20 17:00,Residential,197.2,19,14,22,200,0
2023-11-20 18:00,Residential,187.9,26,12,16,200,1
2023-11-20 19:00,Downtown,583.6,89,60,25,120,2
2023-11-20 20:00,Downtown,471.7,86,54,18,120,2
2023-11-20 21:00,Industrial,1369.4,78,93,24,85,2
2023-11-20 22:00,Residential,181.8,10,13,22,200,3
2023-11-20 23:00,Residential,163.3,11,17,20,200,3
2023-11-21 00:00,Industrial,1144.0,63,91,26,85,1
2023-11-21 01:00,Downtown,463.9,72,43,23,120,1
2023-11-21 02:00,Industrial,1367.4,62,80,30,85,1
2023-11-21 03:00,Industrial,1279.7,50,82,21,85,2
2023-11-21 04:00,Industrial,1111.1,50,90,22,85,1
2023-11-21 05:00,Industrial,1293.5,63,82,23,85,0
2023-11-21 06:00,Residential,174.8,24,12,15,200,3
2023-11-21 07:00,Industrial,1141.6,69,88,24,85,3
2023-11-21 08:00,Residential,135.6,11,13,22,200,1
2023-11-21 09:00,Residential,144.5,19,12,16,200,3
2023-11-21 10:00,Industrial,1126.9,56,80,20,85,2
2023-11-21 11:00,Downtown,520.6,96,49,21,120,2
2023-11-21 12:00,Residential,189.7,13,11,16,200,0
2023-11-21 13:00,Downtown,487.9,76,55,19,120,1
2023-11-21 14:00,Downtown,565.7,98,50,24,120,3
2023-11-21 15:00,Downtown,519.9,76,56,22,120,1
2023-11-21 16:00,Residential,199.1,10,18,18,200,1
2023-11-21 17:00,Industrial,1106.2,76,96,27,85,1
2023-11-21 18:00,Industrial,1287.5,66,94,26,85,3
2023-11-21 19:00,Downtown,419.2,76,57,22,120,2
2023-11-21 20:00,Downtown,477.5,74,60,25,120,1
2023-11-21 21:00,Residential,152.8,16,20,15,200,2
2023-11-21 22:00,Downtown,439.0,71,44,22,120,2
2023-11-21 23:00,Residential,187.0,14,14,19,200,1
2023-11-22 00:00,Downtown,451.3,70,55,18,120,0
2023-11-22 01:00,Residential,179.9,15,12,22,200,3
2023-11-22 02:00,Downtown,461.0,100,42,15,120,1
2023-11-22 03:00,Downtown,544.0,84,56,20,120,0
2023-11-22 04:00,Downtown,514.0,81,47,25,120,0
2023-11-22 05:00,Downtown,464.5,90,56,21,120,3
2023-11-22 06:00,Industrial,1286.8,53,96,24,85,3
2023-11-22 07:00,Downtown,421.6,75,51,19,120,3
2023-11-22 08:00,Residential,150.1,22,17,19,200,1
2023-11-22 09:00,Industrial,1138.3,51,100,23,85,3
2023-11-22 10:00,Residential,187.2,13,13,18,200,3
2023-11-22 11:00,Industrial,1204.1,68,99,21,85,2
2023-11-22 12:00,Downtown,544.7,74,57,24,120,2
2023-11-22 13:00,Residential,179.5,21,11,18,200,0
2023-11-22 14:00,Downtown,490.4,83,52,23,120,2
2023-11-22 15:00,Residential,167.1,18,10,21,200,1
2023-11-22 16:00,Residential,179.0,22,13,16,200,1
2023-11-22 17:00,Industrial,1242.2,55,82,25,85,1
2023-11-22 18:00,Residential,137.4,28,18,17,200,0
2023-11-22 19:00,Residential,198.2,15,14,15,200,2
2023-11-22 20:00,Downtown,452.1,75,60,23,120,2
2023-11-22 21:00,Residential,151.8,10,15,21,200,0
2023-11-22 22:00,Downtown,480.1,89,59,24,120,2
2023-11-22 23:00,Downtown,444.2,84,52,23,120,2
2023-11-23 00:00,Residential,164.6,11,19,21,200,0
2023-11-23 01:00,Downtown,578.4,89,54,22,120,3
2023-11-23 02:00,Downtown,516.1,82,57,25,120,1
2023-11-23 03:00,Industrial,1374.8,75,86,21,85,2
2023-11-23 04:00,Industrial,1119.2,61,89,29,85,3
2023-11-23 05:00,Industrial,1366.0,78,87,22,85,1
2023-11-23 06:00,Downtown,491.8,88,56,25,120,3
2023-11-23 07:00,Industrial,1366.6,73,97,28,85,1
2023-11-23 08:00,Residential,144.3,18,19,19,200,2
2023-11-23 09:00,Industrial,1290.7,61,98,23,85,1
2023-11-23 10:00,Industrial,1282.8,79,99,29,85,0
2023-11-23 11:00,Residential,153.1,24,13,18,200,1
2023-11-23 12:00,Residential,192.6,16,20,20,200,1
2023-11-23 13:00,Industrial,1322.7,58,80,28,85,2
2023-11-23 14:00,Industrial,1246.1,72,89,23,85,0
2023-11-23 15:00,Industrial,1118.8,56,84,28,85,1
2023-11-23 16:00,Downtown,419.8,79,49,23,120,3
2023-11-23 17:00,Downtown,578.9,79,42,18,120,3
2023-11-23 18:00,Residential,143.4,30,19,18,200,1
2023-11-23 19:00,Downtown,592.3,91,45,25,120,0
2023-11-23 20:00,Industrial,1185.2,59,89,21,85,0
2023-11-23 21:00,Residential,170.9,27,17,18,200,2
2023-11-23 22:00,Residential,138.5,23,16,21,200,1
2023-11-23 23:00,Downtown,584.7,81,48,21,120,3
2023-11-24 00:00,Residential,143.7,20,18,22,200,3
2023-11-24 01:00,Residential,139.2,26,11,16,200,2
2023-11-24 02:00,Residential,158.5,30,13,18,200,3
2023-11-24 03:00,Downtown,588.8,75,55,24,120,1
2023-11-24 04:00,Downtown,473.9,83,51,15,120,2
2023-11-24 05:00,Downtown,560.5,82,52,25,120,0
2023-11-24 06:00,Residential,187.9,17,18,16,200,0
2023-11-24 07:00,Downtown,429.1,92,55,24,120,2
2023-11-24 08:00,Residential,145.0,21,13,22,200,3
2023-11-24 09:00,Residential,167.6,11,17,19,200,0
2023-11-24 10:00,Industrial,1258.3,80,86,27,85,0
2023-11-24 11:00,Residential,142.0,14,13,17,200,3
2023-11-24 12:00,Industrial,1378.6,57,100,29,85,2
2023-11-24 13:00,Downtown,479.5,86,44,16,120,3
2023-11-24 14:00,Downtown,502.2,71,55,23,120,2
2023-11-24 15:00,Residential,151.8,13,11,19,200,3
2023-11-24 16:00,Residential,149.2,17,13,21,200,1
2023-11-24 17:00,Downtown,440.0,99,50,15,120,2
2023-11-24 18:00,Residential,147.2,27,13,21,200,1
2023-11-24 19:00,Industrial,1275.1,76,92,24,85,0
2023-11-24 20:00,Residential,151.1,11,15,20,200,2
2023-11-24 21:00,Residential,174.5,11,12,17,200,2
2023-11-24 22:00,Residential,194.2,27,13,17,200,3
2023-11-24 23:00,Residential,141.6,20,18,15,200,1
2023-11-25 00:00,Residential,171.2,10,10,21,200,1
2023-11-25 01:00,Downtown,514.3,72,43,25,120,3
2023-11-25 02:00,Industrial,1161.2,68,91,30,85,2
2023-11-25 03:00,Industrial,1153.9,51,100,27,85,2
2023-11-25 04:00,Residential,160.5,30,16,16,200,1
2023-11-25 05:00,Residential,186.2,18,18,21,200,2
2023-11-25 06:00,Downtown,523.9,90,48,18,120,1
2023-11-25 07:00,Industrial,1124.6,58,81,23,85,3
2023-11-25 08:00,Residential,162.1,25,20,21,200,3
2023-11-25 09:00,Residential,157.2,12,13,18,200,0
2023-11-25 10:00,Industrial,1327.7,55,88,24,85,3
2023-11-25 11:00,Industrial,1116.6,51,92,26,85,0
2023-11-25 12:00,Industrial,1318.8,79,96,27,85,0
2023-11-25 13:00,Downtown,531.1,96,42,22,120,3
2023-11-25 14:00,Downtown,477.1,78,60,22,120,1
2023-11-25 15:00,Industrial,1275.7,54,81,29,85,1
2023-11-25 16:00,Industrial,1345.3,69,99,23,85,0
2023-11-25 17:00,Residential,135.0,29,19,16,200,3
2023-11-25 18:00,Downtown,593.0,82,49,22,120,0
2023-11-25 19:00,Industrial,1328.1,61,91,27,85,3
2023-11-25 20:00,Industrial,1365.2,59,86,22,85,1
2023-11-25 21:00,Residential,158.0,27,20,15,200,1
2023-11-25 22:00,Downtown,589.8,100,47,25,120,1
2023-11-25 23:00,Residential,169.6,13,16,22,200,2
2023-11-26 00:00,Residential,172.6,17,12,17,200,0
2023-11-26 01:00,Residential,146.4,12,13,18,200,2
2023-11-26 02:00,Residential,176.9,19,18,19,200,3
2023-11-26 03:00,Downtown,471.5,71,53,25,120,0
2023-11-26 04:00,Residential,189.8,22,12,21,200,0
2023-11-26 05:00,Industrial,1116.7,61,86,24,85,0
2023-11-26 06:00,Downtown,566.1,78,40,17,120,1
2023-11-26 07:00,Downtown,475.1,73,55,24,120,1
2023-11-26 08:00,Residential,194.8,10,15,21,200,1
2023-11-26 09:00,Downtown,511.4,92,48,23,120,3
2023-11-26 10:00,Industrial,1146.1,52,83,30,85,0
2023-11-26 11:00,Residential,156.4,24,11,18,200,1
2023-11-26 12:00,Residential,151.5,20,14,21,200,3
2023-11-26 13:00,Downtown,514.1,83,52,16,120,3
2023-11-26 14:00,Residential,185.4,11,18,17,200,2
2023-11-26 15:00,Downtown,541.0,89,43,21,120,0
2023-11-26 16:00,Downtown,454.5,82,56,18,120,1
2023-11-26 17:00,Downtown,495.2,71,52,22,120,3
2023-11-26 18:00,Downtown,524.8,92,59,21,120,0
2023-11-26 19:00,Downtown,490.3,78,53,21,120,0
2023-11-26 20:00,Residential,189.1,19,12,20,200,2
2023-11-26 21:00,Industrial,1240.7,57,80,29,85,0
2023-11-26 22:00,Residential,147.8,20,19,19,200,3
2023-11-26 23:00,Residential,196.1,25,12,17,200,0
2023-11-27 00:00,Industrial,1191.0,75,83,30,85,1
2023-11-27 01:00,Downtown,562.0,84,59,19,120,3
2023-11-27 02:00,Industrial,1363.6,50,98,27,85,0
2023-11-27 03:00,Downtown,592.3,97,43,17,120,3
2023-11-27 04:00,Residential,140.4,10,16,20,200,3
2023-11-27 05:00,Downtown,464.4,88,49,24,120,3
2023-11-27 06:00,Downtown,554.2,100,51,20,120,0
2023-11-27 07:00,Industrial,1388.3,79,83,24,85,3
2023-11-27 08:00,Residential,196.1,21,17,19,200,1
2023-11-27 09:00,Downtown,549.5,100,57,25,120,3
2023-11-27 10:00,Downtown,410.1,74,58,22,120,3
2023-11-27 11:00,Industrial,1176.5,57,92,24,85,0
2023-11-27 12:00,Downtown,546.2,80,48,25,120,3
2023-11-27 13:00,Downtown,471.7,72,47,21,120,0
2023-11-27 14:00,Downtown,431.3,78,55,17,120,2
2023-11-27 15:00,Residential,164.0,20,10,22,200,3
2023-11-27 16:00,Residential,130.3,30,12,20,200,0
2023-11-27 17:00,Residential,196.5,24,12,19,200,1
2023-11-27 18:00,Industrial,1336.3,63,84,25,85,3
2023-11-27 19:00,Downtown,549.4,96,59,16,120,0
2023-11-27 20:00,Downtown,446.1,92,56,22,120,1
2023-11-27 21:00,Industrial,1218.9,55,97,27,85,0
2023-11-27 22:00,Downtown,533.4,90,55,17,120,0
2023-11-27 23:00,Residential,174.9,22,15,18,200,1
2023-11-28 00:00,Downtown,404.7,73,44,25,120,3
2023-11-28 01:00,Downtown,518.8,95,57,16,120,0
2023-11-28 02:00,Downtown,407.2,97,50,23,120,3
2023-11-28 03:00,Downtown,571.8,70,45,23,120,3
2023-11-28 04:00,Downtown,494.5,86,44,23,120,1
2023-11-28 05:00,Residential,142.0,29,14,18,200,3
2023-11-28 06:00,Industrial,1150.1,50,81,23,85,0
2023-11-28 07:00,Residential,138.4,22,10,20,200,3
2023-11-28 08:00,Downtown,580.4,95,41,16,120,0
2023-11-28 09:00,Residential,135.1,30,15,16,200,0
2023-11-28 10:00,Industrial,1288.9,54,94,26,85,3
2023-11-28 11:00,Downtown,418.9,100,53,24,120,3
2023-11-28 12:00,Downtown,561.9,82,46,24,120,1
2023-11-28 13:00,Residential,148.7,22,10,22,200,0
2023-11-28 14:00,Downtown,571.8,80,43,19,120,1
2023-11-28 15:00,Downtown,510.3,85,40,15,120,1
2023-11-28 16:00,Downtown,489.3,90,49,23,120,0
2023-11-28 17:00,Residential,199.3,29,15,22,200,3
2023-11-28 18:00,Downtown,491.2,90,47,16,120,2
2023-11-28 19:00,Downtown,470.6,90,60,15,120,3
2023-11-28 20:00,Industrial,1156.2,50,90,25,85,2
2023-11-28 21:00,Residential,162.9,26,13,17,200,2
2023-11-28 22:00,Industrial,1261.1,64,95,26,85,2
2023-11-28 23:00,Industrial,1125.1,50,88,23,85,0
2023-11-29 00:00,Residential,167.8,18,17,20,200,1
2023-11-29 01:00,Industrial,1370.6,66,95,20,85,0
2023-11-29 02:00,Industrial,1108.4,53,96,28,85,0
2023-11-29 03:00,Downtown,544.4,80,46,25,120,2
2023-11-29 04:00,Residential,145.6,16,12,21,200,1
2023-11-29 05:00,Downtown,513.0,83,49,15,120,2
2023-11-29 06:00,Industrial,1370.6,71,81,20,85,1
2023-11-29 07:00,Residential,139.3,23,10,17,200,0
2023-11-29 08:00,Residential,147.1,20,11,18,200,2
2023-11-29 09:00,Industrial,1139.9,65,81,26,85,0
2023-11-29 10:00,Downtown,488.8,92,54,23,120,3
2023-11-29 11:00,Downtown,448.9,72,41,24,120,2
2023-11-29 12:00,Downtown,443.9,92,55,21,120,3
2023-11-29 13:00,Industrial,1120.7,72,96,27,85,1
2023-11-29 14:00,Industrial,1133.3,76,88,25,85,2
2023-11-29 15:00,Industrial,1172.3,69,81,30,85,3
2023-11-29 16:00,Residential,191.9,24,19,16,200,2
2023-11-29 17:00,Downtown,510.9,97,41,18,120,0
2023-11-29 18:00,Residential,148.9,10,17,19,200,2
2023-11-29 19:00,Residential,145.3,28,13,19,200,3
2023-11-29 20:00,Downtown,462.3,80,56,17,120,3
2023-11-29 21:00,Industrial,1142.3,73,95,23,85,3
2023-11-29 22:00,Industrial,1380.8,60,86,26,85,2
2023-11-29 23:00,Residential,135.9,20,12,22,200,3
2023-11-30 00:00,Residential,191.2,14,13,19,200,2
2023-11-30 01:00,Industrial,1273.4,69,82,28,85,1
2023-11-30 02:00,Industrial,1389.2,62,87,26,85,1
2023-11-30 03:00,Downtown,546.4,89,45,19,120,2
2023-11-30 04:00,Downtown,569.8,86,51,21,120,2
2023-11-30 05:00,Residential,139.2,24,20,17,200,2
2023-11-30 06:00,Residential,144.9,24,19,22,200,2
2023-11-30 07:00,Downtown,509.0,80,50,22,120,3
2023-11-30 08:00,Downtown,498.9,87,46,21,120,0
2023-11-30 09:00,Residential,141.4,15,12,22,200,1
2023-11-30 10:00,Residential,155.1,13,20,22,200,0
2023-11-30 11:00,Downtown,405.4,70,54,17,120,2
2023-11-30 12:00,Downtown,470.2,96,55,24,120,3
2023-11-30 13:00,Downtown,440.1,85,50,15,120,3
2023-11-30 14:00,Residential,145.7,12,11,21,200,0
2023-11-30 15:00,Industrial,1258.9,52,92,22,85,2
2023-11-30 16:00,Residential,169.9,26,20,17,200,0
2023-11-30 17:00,Industrial,1102.8,52,89,25,85,0
2023-11-30 18:00,Industrial,1370.6,74,94,22,85,3
2023-11-30 19:00,Downtown,438.5,71,52,22,120,3
2023-11-30 20:00,Downtown,540.7,71,54,16,120,1
2023-11-30 21:00,Residential,141.6,24,16,22,200,2
2023-11-30 22:00,Residential,172.8,20,19,20,200,3
2023-11-30 23:00,Industrial,1185.1,66,93,20,85,2
2023-12-01 00:00,Industrial,1294.1,75,81,24,85,0
2023-12-01 01:00,Downtown,417.9,84,50,20,120,1
2023-12-01 02:00,Industrial,1127.3,77,84,30,85,2
2023-12-01 03:00,Downtown,503.0,98,52,15,120,0
2023-12-01 04:00,Residential,137.7,28,13,22,200,3
2023-12-01 05:00,Downtown,573.5,86,40,24,120,0
2023-12-01 06:00,Downtown,408.2,77,58,19,120,2
2023-12-01 07:00,Residential,164.7,16,10,19,200,1
2023-12-01 08:00,Residential,144.3,20,17,20,200,3
2023-12-01 09:00,Downtown,524.8,79,54,17,120,3
2023-12-01 10:00,Industrial,1380.7,65,90,24,85,3
2023-12-01 11:00,Industrial,1363.1,80,85,27,85,3
2023-12-01 12:00,Industrial,1279.8,61,81,28,85,3
2023-12-01 13:00,Residential,167.9,29,16,19,200,1
2023-12-01 14:00,Residential,186.3,23,14,21,200,1
2023-12-01 15:00,Downtown,590.8,91,49,17,120,2
2023-12-01 16:00,Downtown,407.6,89,48,25,120,2
2023-12-01 17:00,Residential,181.2,22,19,19,200,2
2023-12-01 18:00,Downtown,434.5,97,40,24,120,3
2023-12-01 19:00,Residential,132.9,29,10,16,200,0
2023-12-01 20:00,Downtown,444.2,70,50,23,120,2
2023-12-01 21:00,Industrial,1167.7,59,95,24,85,3
2023-12-01 22:00,Industrial,1359.4,56,94,29,85,2
2023-12-01 23:00,Downtown,545.0,100,42,18,120,2
2023-12-02 00:00,Industrial,1265.7,69,85,20,85,1
2023-12-02 01:00,Downtown,477.8,96,54,25,120,0
2023-12-02 02:00,Downtown,553.5,98,49,20,120,0
2023-12-02 03:00,Industrial,1264.8,71,94,25,85,0
2023-12-02 04:00,Downtown,594.8,78,52,16,120,1
2023-12-02 05:00,Industrial,1376.4,54,96,29,85,2
2023-12-02 06:00,Downtown,435.5,96,41,17,120,3
2023-12-02 07:00,Industrial,1105.9,78,90,21,85,3
2023-12-02 08:00,Industrial,1181.2,55,97,25,85,0
2023-12-02 09:00,Downtown,510.0,70,50,23,120,0
2023-12-02 10:00,Downtown,471.3,98,53,18,120,2
2023-12-02 11:00,Residential,145.1,22,15,16,200,0
2023-12-02 12:00,Industrial,1310.5,56,93,25,85,3
2023-12-02 13:00,Downtown,426.3,93,55,25,120,3
2023-12-02 14:00,Industrial,1149.3,73,88,29,85,0
2023-12-02 15:00,Residential,190.4,22,19,21,200,0
2023-12-02 16:00,Downtown,572.5,89,48,15,120,1
2023-12-02 17:00,Residential,159.8,25,11,21,200,0
2023-12-02 18:00,Industrial,1147.0,54,90,25,85,2
2023-12-02 19:00,Industrial,1302.8,53,97,24,85,1
2023-12-02 20:00,Industrial,1374.3,55,89,25,85,2
2023-12-02 21:00,Industrial,1212.7,57,89,29,85,3
2023-12-02 22:00,Industrial,1179.6,72,90,29,85,0
2023-12-02 23:00,Residential,175.6,24,19,20,200,1
2023-12-03 00:00,Residential,170.7,26,20,18,200,2
2023-12-03 01:00,Residential,191.6,28,12,18,200,0
2023-12-03 02:00,Residential,159.6,18,19,22,200,1
2023-12-03 03:00,Residential,197.4,15,13,22,200,2
2023-12-03 04:00,Industrial,1377.9,61,81,21,85,0
2023-12-03 05:00,Residential,176.8,28,20,19,200,3
2023-12-03 06:00,Residential,167.3,14,20,20,200,0
2023-12-03 07:00,Downtown,576.2,93,54,15,120,3
2023-12-03 08:00,Industrial,1218.6,53,86,25,85,3
2023-12-03 09:00,Industrial,1100.8,66,82,24,85,1
2023-12-03 10:00,Industrial,1369.2,61,85,27,85,0
2023-12-03 11:00,Residential,157.4,25,17,15,200,3
2023-12-03 12:00,Industrial,1344.2,66,85,29,85,0
2023-12-03 13:00,Industrial,1217.5,70,94,24,85,2
2023-12-03 14:00,Downtown,477.1,80,60,16,120,0
2023-12-03 15:00,Industrial,1161.9,75,100,22,85,1
2023-12-03 16:00,Residential,135.9,13,14,21,200,1
2023-12-03 17:00,Industrial,1199.4,64,86,30,85,1
2023-12-03 18:00,Downtown,510.7,96,52,21,120,2
2023-12-03 19:00,Industrial,1293.6,68,90,25,85,2
2023-12-03 20:00,Industrial,1280.4,65,80,23,85,2
2023-12-03 21:00,Residential,147.2,15,16,19,200,2
2023-12-03 22:00,Downtown,505.0,92,60,19,120,0
2023-12-03 23:00,Residential,181.3,22,16,22,200,0
2023-12-04 00:00,Residential,185.1,23,16,20,200,3
2023-12-04 01:00,Industrial,1108.4,51,100,23,85,0
2023-12-04 02:00,Industrial,1318.1,67,90,26,85,1
2023-12-04 03:00,Downtown,583.2,84,43,21,120,3
2023-12-04 04:00,Residential,186.7,15,11,18,200,0
2023-12-04 05:00,Downtown,509.4,89,52,25,120,2
2023-12-04 06:00,Industrial,1384.2,73,94,20,85,1
2023-12-04 07:00,Residential,147.1,17,13,18,200,1
2023-12-04 08:00,Industrial,1328.5,80,84,24,85,3
2023-12-04 09:00,Downtown,411.2,81,50,15,120,2
2023-12-04 10:00,Downtown,541.9,78,47,23,120,3
2023-12-04 11:00,Residential,191.1,21,16,21,200,0
2023-12-04 12:00,Residential,184.7,17,18,17,200,3
2023-12-04 13:00,Industrial,1109.1,59,90,26,85,0
2023-12-04 14:00,Downtown,525.2,77,54,24,120,0
2023-12-04 15:00,Industrial,1264.7,66,96,21,85,1
2023-12-04 16:00,Downtown,567.3,70,46,18,120,1
2023-12-04 17:00,Residential,197.5,17,12,16,200,2
2023-12-04 18:00,Residential,185.7,14,10,18,200,3
2023-12-04 19:00,Downtown,594.2,72,59,15,120,1
2023-12-04 20:00,Residential,180.8,26,11,19,200,3
2023-12-04 21:00,Downtown,468.5,95,48,24,120,1
2023-12-04 22:00,Residential,182.9,21,16,16,200,0
2023-12-04 23:00,Residential,130.6,23,10,21,200,2
2023-12-05 00:00,Industrial,1351.3,72,100,21,85,1
2023-12-05 01:00,Downtown,417.9,84,43,24,120,3
2023-12-05 02:00,Residential,168.7,17,14,15,200,3
2023-12-05 03:00,Industrial,1282.5,77,92,21,85,0
2023-12-05 04:00,Industrial,1369.0,53,86,20,85,0
2023-12-05 05:00,Industrial,1125.0,66,83,23,85,1
2023-12-05 06:00,Residential,147.5,15,15,20,200,0
2023-12-05 07:00,Downtown,539.3,82,46,21,120,2
2023-12-05 08:00,Downtown,467.8,95,44,20,120,3
2023-12-05 09:00,Industrial,1374.1,64,98,26,85,2
2023-12-05 10:00,Downtown,403.0,70,46,22,120,1
2023-12-05 11:00,Industrial,1367.0,51,94,28,85,1
2023-12-05 12:00,Downtown,412.4,76,58,15,120,2
2023-12-05 13:00,Industrial,1389.0,68,82,24,85,2
2023-12-05 14:00,Downtown,496.3,89,46,19,120,1
2023-12-05 15:00,Residential,130.5,24,18,16,200,1
2023-12-05 16:00,Industrial,1329.7,61,92,27,85,1
2023-12-05 17:00,Residential,196.8,11,19,18,200,1
2023-12-05 18:00,Industrial,1231.9,56,97,23,85,1
2023-12-05 19:00,Downtown,461.3,84,51,21,120,0
2023-12-05 20:00,Industrial,1200.8,78,91,21,85,0
2023-12-05 21:00,Downtown,497.1,88,42,23,120,1
2023-12-05 22:00,Residential,174.4,18,13,22,200,1
2023-12-05 23:00,Residential,174.4,29,18,16,200,2
2023-12-06 00:00,Residential,174.9,28,16,15,200,1
2023-12-06 01:00,Industrial,1326.9,65,88,20,85,0
2023-12-06 02:00,Residential,133.2,12,11,20,200,3
2023-12-06 03:00,Residential,139.0,30,10,15,200,2
2023-12-06 04:00,Industrial,1177.0,74,97,27,85,1
2023-12-06 05:00,Downtown,455.6,92,53,20,120,0
2023-12-06 06:00,Downtown,465.8,98,46,16,120,0
2023-12-06 07:00,Downtown,516.5,76,41,16,120,3
2023-12-06 08:00,Residential,172.8,24,14,21,200,0
2023-12-06 09:00,Industrial,1108.9,54,84,29,85,1
2023-12-06 10:00,Industrial,1373.5,75,94,21,85,0
2023-12-06 11:00,Downtown,485.3,92,57,16,120,0
2023-12-06 12:00,Downtown,584.2,83,54,15,120,2
2023-12-06 13:00,Industrial,1233.9,56,96,26,85,2
2023-12-06 14:00,Industrial,1182.2,59,93,21,85,2
2023-12-06 15:00,Downtown,529.8,87,59,24,120,1
2023-12-06 16:00,Industrial,1385.6,57,87,24,85,0
2023-12-06 17:00,Industrial,1373.1,60,86,29,85,3
2023-12-06 18:00,Residential,195.5,17,19,16,200,1
2023-12-06 19:00,Residential,162.5,27,13,19,200,3
2023-12-06 20:00,Residential,187.2,24,10,15,200,1
2023-12-06 21:00,Downtown,480.1,89,51,15,120,1
2023-12-06 22:00,Industrial,1196.4,62,95,23,85,0
2023-12-06 23:00,Residential,151.4,18,20,18,200,0
2023-12-07 00:00,Industrial,1280.6,52,84,24,85,2
2023-12-07 01:00,Downtown,457.3,85,42,21,120,3
2023-12-07 02:00,Downtown,459.5,92,44,15,120,1
2023-12-07 03:00,Residential,158.3,14,18,18,200,2
2023-12-07 04:00,Residential,148.0,24,16,18,200,3
2023-12-07 05:00,Downtown,433.4,100,43,20,120,1
2023-12-07 06:00,Residential,145.8,11,10,18,200,1
2023-12-07 07:00,Residential,146.1,24,16,15,200,3
2023-12-07 08:00,Industrial,1138.3,67,85,26,85,1
2023-12-07 09:00,Industrial,1123.1,76,98,25,85,1
2023-12-07 10:00,Industrial,1383.8,58,92,24,85,3
2023-12-07 11:00,Downtown,403.3,94,44,21,120,3
2023-12-07 12:00,Downtown,448.7,92,59,20,120,0
2023-12-07 13:00,Downtown,407.2,86,57,22,120,2
2023-12-07 14:00,Downtown,452.7,73,53,19,120,2
2023-12-07 15:00,Downtown,447.9,88,44,16,120,0
2023-12-07 16:00,Downtown,495.8,97,53,22,120,0
2023-12-07 17:00,Downtown,571.3,86,50,16,120,0
2023-12-07 18:00,Downtown,457.6,74,42,21,120,1
2023-12-07 19:00,Industrial,1214.9,64,83,20,85,0
2023-12-07 20:00,Downtown,587.6,94,43,15,120,2
2023-12-07 21:00,Residential,194.6,24,13,18,200,3
2023-12-07 22:00,Downtown,540.2,83,44,25,120,3
2023-12-07 23:00,Industrial,1265.9,65,84,27,85,2
2023-12-08 00:00,Industrial,1149.6,71,91,26,85,2
2023-12-08 01:00,Downtown,410.0,83,51,15,120,1
2023-12-08 02:00,Downtown,598.2,76,59,15,120,2
2023-12-08 03:00,Industrial,1294.7,54,88,25,85,2
2023-12-08 04:00,Residential,163.3,28,13,17,200,0
2023-12-08 05:00,Residential,180.9,16,13,17,200,0
2023-12-08 06:00,Residential,142.1,14,19,19,200,1
2023-12-08 07:00,Industrial,1359.6,71,87,21,85,2
2023-12-08 08:00,Industrial,1218.6,61,82,22,85,2
2023-12-08 09:00,Residential,199.6,27,20,15,200,2
2023-12-08 10:00,Residential,173.8,11,14,21,200,2
2023-12-08 11:00,Industrial,1180.2,61,100,23,85,0
2023-12-08 12:00,Residential,130.4,11,14,20,200,1
2023-12-08 13:00,Downtown,484.0,73,52,23,120,2
2023-12-08 14:00,Downtown,481.6,76,48,23,120,2
2023-12-08 15:00,Industrial,1300.7,67,97,27,85,1
2023-12-08 16:00,Industrial,1146.1,52,92,26,85,2
2023-12-08 17:00,Downtown,483.8,95,42,24,120,1
2023-12-08 18:00,Industrial,1324.1,54,87,28,85,1
2023-12-08 19:00,Downtown,492.5,86,57,17,120,1
2023-12-08 20:00,Downtown,555.8,93,41,16,120,1
2023-12-08 21:00,Residential,166.2,25,19,21,200,3
2023-12-08 22:00,Residential,175.2,30,10,22,200,3
2023-12-08 23:00,Downtown,473.8,98,42,15,120,1
2023-12-09 00:00,Residential,188.0,25,19,15,200,0
2023-12-09 01:00,Industrial,1177.3,63,89,28,85,2
2023-12-09 02:00,Industrial,1249.6,68,90,25,85,1
2023-12-09 03:00,Downtown,570.9,97,48,24,120,1
2023-12-09 04:00,Industrial,1331.9,73,86,25,85,2
2023-12-09 05:00,Downtown,428.8,82,40,23,120,0
2023-12-09 06:00,Residential,178.2,20,11,19,200,2
2023-12-09 07:00,Residential,142.8,14,14,22,200,2
2023-12-09 08:00,Industrial,1197.5,76,96,27,85,3
2023-12-09 09:00,Industrial,1273.0,58,90,24,85,3
2023-12-09 10:00,Industrial,1284.1,76,84,25,85,3
2023-12-09 11:00,Residential,185.2,27,11,17,200,2
2023-12-09 12:00,Downtown,526.0,98,53,25,120,1
2023-12-09 13:00,Industrial,1154.9,74,95,23,85,0
2023-12-09 14:00,Residential,150.2,29,12,17,200,2
2023-12-09 15:00,Residential,186.6,11,14,15,200,1
2023-12-09 16:00,Residential,139.4,30,11,19,200,2
2023-12-09 17:00,Downtown,441.8,93,50,24,120,2
2023-12-09 18:00,Residential,176.8,29,16,21,200,1
2023-12-09 19:00,Downtown,430.4,70,58,24,120,2
2023-12-09 20:00,Industrial,1396.0,52,96,29,85,2
2023-12-09 21:00,Downtown,432.4,83,45,25,120,1
2023-12-09 22:00,Residential,182.3,17,11,20,200,1
2023-12-09 23:00,Residential,145.9,24,18,21,200,3
2023-12-10 00:00,Residential,177.7,30,16,16,200,2
2023-12-10 01:00,Downtown,530.8,89,41,19,120,3
2023-12-10 02:00,Residential,175.8,10,10,15,200,2
2023-12-10 03:00,Industrial,1354.6,59,83,30,85,2
2023-12-10 04:00,Residential,132.6,15,14,19,200,3
2023-12-10 05:00,Downtown,508.1,83,47,19,120,2
2023-12-10 06:00,Residential,132.4,21,12,22,200,3
2023-12-10 07:00,Downtown,498.1,90,60,23,120,1
2023-12-10 08:00,Industrial,1335.8,62,87,27,85,1
2023-12-10 09:00,Downtown,431.1,85,45,23,120,2
2023-12-10 10:00,Downtown,463.6,87,48,24,120,3
2023-12-10 11:00,Downtown,494.0,87,45,23,120,3
2023-12-10 12:00,Industrial,1206.8,60,82,29,85,0
2023-12-10 13:00,Residential,141.1,26,20,15,200,0
2023-12-10 14:00,Residential,167.0,19,17,19,200,0
2023-12-10 15:00,Industrial,1180.9,79,96,29,85,2
2023-12-10 16:00,Industrial,1248.6,61,85,25,85,1
2023-12-10 17:00,Residential,158.5,13,10,21,200,1
2023-12-10 18:00,Residential,162.1,13,11,18,200,2
2023-12-10 19:00,Residential,179.2,18,18,17,200,1
2023-12-10 20:00,Downtown,559.3,90,50,20,120,3
2023-12-10 21:00,Residential,133.6,27,15,19,200,3
2023-12-10 22:00,Residential,185.2,19,18,17,200,0
2023-12-10 23:00,Downtown,472.7,98,59,15,120,3
2023-12-11 00:00,Downtown,598.6,75,43,15,120,3
2023-12-11 01:00,Residential,162.6,29,14,21,200,2
2023-12-11 02:00,Residential,144.3,28,18,17,200,3
2023-12-11 03:00,Residential,131.0,29,12,20,200,3
2023-12-11 04:00,Residential,171.5,14,10,19,200,1
2023-12-11 05:00,Industrial,1225.7,59,93,21,85,1
2023-12-11 06:00,Downtown,501.2,77,40,22,120,1
2023-12-11 07:00,Industrial,1248.1,59,96,30,85,1
2023-12-11 08:00,Downtown,459.0,78,40,22,120,1
2023-12-11 09:00,Downtown,564.0,76,58,18,120,1
2023-12-11 10:00,Industrial,1329.3,71,86,21,85,2
2023-12-11 11:00,Industrial,1162.7,59,98,24,85,2
2023-12-11 12:00,Residential,188.3,30,16,18,200,2
2023-12-11 13:00,Downtown,456.0,82,40,17,120,1
2023-12-11 14:00,Industrial,1385.9,59,97,24,85,0
2023-12-11 15:00,Downtown,410.4,99,40,24,120,0
2023-12-11 16:00,Industrial,1163.3,78,94,20,85,1
2023-12-11 17:00,Industrial,1305.8,61,88,29,85,3
2023-12-11 18:00,Residential,147.6,26,17,20,200,0
2023-12-11 19:00,Industrial,1285.2,56,93,26,85,1
2023-12-11 20:00,Industrial,1156.9,59,94,30,85,0
2023-12-11 21:00,Residential,165.9,23,20,22,200,2
2023-12-11 22:00,Industrial,1188.3,70,97,21,85,2
2023-12-11 23:00,Downtown,415.3,85,46,21,120,3
2023-12-12 00:00,Residential,157.4,18,13,16,200,2
2023-12-12 01:00,Industrial,1105.4,68,82,28,85,1
2023-12-12 02:00,Industrial,1383.2,78,80,28,85,2
2023-12-12 03:00,Residential,152.2,25,14,22,200,0
2023-12-12 04:00,Downtown,597.2,82,53,25,120,1
2023-12-12 05:00,Downtown,482.8,78,51,20,120,3
2023-12-12 06:00,Industrial,1230.8,78,94,26,85,0
2023-12-12 07:00,Downtown,507.7,82,60,16,120,3
2023-12-12 08:00,Residential,192.5,14,15,15,200,0
2023-12-12 09:00,Downtown,559.2,71,50,23,120,2
2023-12-12 10:00,Industrial,1377.3,78,92,24,85,3
2023-12-12 11:00,Industrial,1323.9,68,93,23,85,0
2023-12-12 12:00,Downtown,484.6,89,55,16,120,2
2023-12-12 13:00,Downtown,400.5,87,57,17,120,0
2023-12-12 14:00,Residential,166.9,18,10,15,200,0
2023-12-12 15:00,Industrial,1167.8,61,83,20,85,0
2023-12-12 16:00,Industrial,1227.8,70,80,26,85,1
2023-12-12 17:00,Residential,131.8,12,11,17,200,2
2023-12-12 18:00,Industrial,1244.9,59,92,26,85,0
2023-12-12 19:00,Industrial,1312.6,67,82,20,85,2
2023-12-12 20:00,Industrial,1237.6,71,86,20,85,3
2023-12-12 21:00,Industrial,1272.3,72,85,24,85,3
2023-12-12 22:00,Industrial,1244.3,73,94,27,85,2
2023-12-12 23:00,Residential,170.3,15,14,17,200,0
